{
    "baseline_parameters": {
        "baseScenario": {
            "population": 1000,
            "initialPrevalence": 0.005,
            "totalDays": 100,
            "averageContactsPerDay": 1.8223238091383123,
            "infectiousPeriod": 7.687323369214132,
            "randomSeed": 638037343
        }
    },
    "experiment_parameters": [
        "averageContactsPerDay",
        "infectiousPeriod"
    ],
    "simulation_parameter_values": {
        "0": {
            "averageContactsPerDay": 4.498284377038286,
            "infectiousPeriod": 2.8529722471601593,
            "randomSeed": 1892932127
        },
        "1": {
            "averageContactsPerDay": 1.4365543584905067,
            "infectiousPeriod": 4.6933474328205484,
            "randomSeed": 32175636
        },
        "2": {
            "averageContactsPerDay": 0.5150103149825391,
            "infectiousPeriod": 2.117905155390714,
            "randomSeed": 2500648409
        },
        "3": {
            "averageContactsPerDay": 2.5172827720301783,
            "infectiousPeriod": 7.962677249066055,
            "randomSeed": 360511942
        },
        "4": {
            "averageContactsPerDay": 2.129295190734509,
            "infectiousPeriod": 0.8225972075033181,
            "randomSeed": 3292010550
        },
        "5": {
            "averageContactsPerDay": 1.1969767338989385,
            "infectiousPeriod": 6.393098143640497,
            "randomSeed": 1017090249
        },
        "6": {
            "averageContactsPerDay": 2.0278258171314256,
            "infectiousPeriod": 3.6645438148300196,
            "randomSeed": 3387753032
        },
        "7": {
            "averageContactsPerDay": 2.749100656171599,
            "infectiousPeriod": 5.468428781431073,
            "randomSeed": 2676973563
        },
        "8": {
            "averageContactsPerDay": 2.92044049632407,
            "infectiousPeriod": 2.27744444278038,
            "randomSeed": 2644908285
        },
        "9": {
            "averageContactsPerDay": 1.8223238091383123,
            "infectiousPeriod": 7.687323369214132,
            "randomSeed": 638037343
        }
    }
}